-- ============================================================
-- Seed: business_lines + proveedores + products + admin user
-- Ejecutar DESPUÉS de: alembic upgrade head
-- Uso: psql $DATABASE_URL -f scripts/seed_catalog.sql
-- ============================================================

BEGIN;

-- Lineas de negocio
TRUNCATE business_lines RESTART IDENTITY CASCADE;
INSERT INTO business_lines (id, nombre, descripcion, activa) VALUES (1, 'Baterías de Tracción', 'Baterías industriales HOPPECKE HPzB/HPzS para montacargas y vehículos eléctricos', true);
INSERT INTO business_lines (id, nombre, descripcion, activa) VALUES (2, 'Baterías Estacionarias', 'Baterías estacionarias HOPPECKE Xgrid Xtreme para UPS, solar y telecomunicaciones', true);
INSERT INTO business_lines (id, nombre, descripcion, activa) VALUES (3, 'Movilidad Eléctrica', 'Cargadores industriales, variadores de frecuencia y motores eléctricos', true);
INSERT INTO business_lines (id, nombre, descripcion, activa) VALUES (4, 'Gases Industriales', 'Oxígeno puro, Argón puro e Hidrógeno verde para aplicaciones industriales', true);
INSERT INTO business_lines (id, nombre, descripcion, activa) VALUES (5, 'Fertilizantes Verdes', 'NitroMag, Nitrato cálcico con magnesio y fertilizantes especializados', true);
INSERT INTO business_lines (id, nombre, descripcion, activa) VALUES (6, 'Hidrógeno Verde', 'Electrolizadores PEM, celdas de combustible y sistemas de hidrógeno verde', true);
INSERT INTO business_lines (id, nombre, descripcion, activa) VALUES (7, 'Mixto / Multi-línea', NULL, true);

-- Proveedores
TRUNCATE proveedores RESTART IDENTITY CASCADE;
INSERT INTO proveedores (id, nombre, pais, sitio_web, contacto_nombre, contacto_email) VALUES (1, 'HOPPECKE', 'Alemania', 'https://www.hoppecke.com', '', '');
INSERT INTO proveedores (id, nombre, pais, sitio_web, contacto_nombre, contacto_email) VALUES (2, 'AVEMARIAPROVEEDOR', 'Colombia', '', '', '');

-- Catálogo de productos
TRUNCATE products RESTART IDENTITY CASCADE;
INSERT INTO products (id, business_line_id, voltaje, referencia_usa, tipo_conector, modelo_hoppecke, codigo_sap, capacidad_ah, kwh, peso_kg, largo_mm, ancho_mm, altura_mm, precio_neto_eur, precio_neto_usd, activo, categoria, tecnologia, proveedor_id) VALUES (1, '1', '24V', '12-85-7', 'SB175 rojo', '24V 2 HPzS 230', '2315473090', '240.0', '5.760', '200.0', '610.0', '196.0', '610.0', '100.00', '4000.00', true, 'traccion', NULL, '1');
INSERT INTO products (id, business_line_id, voltaje, referencia_usa, tipo_conector, modelo_hoppecke, codigo_sap, capacidad_ah, kwh, peso_kg, largo_mm, ancho_mm, altura_mm, precio_neto_eur, precio_neto_usd, activo, categoria, tecnologia, proveedor_id) VALUES (2, '1', '24V', '12-85-7', 'SB175 rojo', '24V 2 HPzS 250', '2015473090', '261.0', '6.264', '208.0', '610.0', '196.0', '610.0', NULL, '6000.00', true, 'traccion', NULL, '1');
INSERT INTO products (id, business_line_id, voltaje, referencia_usa, tipo_conector, modelo_hoppecke, codigo_sap, capacidad_ah, kwh, peso_kg, largo_mm, ancho_mm, altura_mm, precio_neto_eur, precio_neto_usd, activo, categoria, tecnologia, proveedor_id) VALUES (3, '1', '24V', '12-85-7', 'SB175 rojo', '24V 3 HPzB 225', '2015473090', '261.0', '6.264', '235.0', '645.0', '220.0', '597.0', NULL, '7000.00', true, 'traccion', NULL, '1');
INSERT INTO products (id, business_line_id, voltaje, referencia_usa, tipo_conector, modelo_hoppecke, codigo_sap, capacidad_ah, kwh, peso_kg, largo_mm, ancho_mm, altura_mm, precio_neto_eur, precio_neto_usd, activo, categoria, tecnologia, proveedor_id) VALUES (4, '1', '24V', '12-85-13', 'SB175 rojo', '24V 7 HPzB 525', '2315337790', '549.0', '13.176', '431.0', '780.0', '326.0', '585.0', NULL, '13000.00', true, 'traccion', NULL, '1');
INSERT INTO products (id, business_line_id, voltaje, referencia_usa, tipo_conector, modelo_hoppecke, codigo_sap, capacidad_ah, kwh, peso_kg, largo_mm, ancho_mm, altura_mm, precio_neto_eur, precio_neto_usd, activo, categoria, tecnologia, proveedor_id) VALUES (5, '1', '24V', '12-85-13', 'SB175 rojo', '24V 4 HPzS 500', '2315337790', '523.0', '12.552', '421.0', '780.0', '326.0', '627.0', NULL, '8000.00', true, 'traccion', NULL, '1');
INSERT INTO products (id, business_line_id, voltaje, referencia_usa, tipo_conector, modelo_hoppecke, codigo_sap, capacidad_ah, kwh, peso_kg, largo_mm, ancho_mm, altura_mm, precio_neto_eur, precio_neto_usd, activo, categoria, tecnologia, proveedor_id) VALUES (6, '1', '24V', '12-125-13', 'SB175 rojo', '24V 7 HPzB 756', '2315290490', '786.0', '18.864', '583.0', '780.0', '328.0', '780.0', NULL, '14000.00', true, 'traccion', NULL, '1');
INSERT INTO products (id, business_line_id, voltaje, referencia_usa, tipo_conector, modelo_hoppecke, codigo_sap, capacidad_ah, kwh, peso_kg, largo_mm, ancho_mm, altura_mm, precio_neto_eur, precio_neto_usd, activo, categoria, tecnologia, proveedor_id) VALUES (7, '1', '24V', '12-125-15', 'SB350 rojo', '24V 8 HPzB 864', '2311892694', '899.0', '21.576', '730.0', '920.0', '355.0', '775.0', NULL, '50000.00', true, 'traccion', NULL, '1');
INSERT INTO products (id, business_line_id, voltaje, referencia_usa, tipo_conector, modelo_hoppecke, codigo_sap, capacidad_ah, kwh, peso_kg, largo_mm, ancho_mm, altura_mm, precio_neto_eur, precio_neto_usd, activo, categoria, tecnologia, proveedor_id) VALUES (8, '1', '24V', '12-125-15', 'SB350 rojo', '24V 5 HPzS 775', '2311892694', '810.0', '19.440', '730.0', '920.0', '355.0', '775.0', NULL, '10000.00', true, 'traccion', NULL, '1');
INSERT INTO products (id, business_line_id, voltaje, referencia_usa, tipo_conector, modelo_hoppecke, codigo_sap, capacidad_ah, kwh, peso_kg, largo_mm, ancho_mm, altura_mm, precio_neto_eur, precio_neto_usd, activo, categoria, tecnologia, proveedor_id) VALUES (9, '1', '24V', '12-125-17', 'SB350 rojo', '24V 6 HPzS 930', '2015379991', '972.0', '23.328', '761.0', '968.0', '341.0', '775.0', NULL, '12000.00', true, 'traccion', NULL, '1');
INSERT INTO products (id, business_line_id, voltaje, referencia_usa, tipo_conector, modelo_hoppecke, codigo_sap, capacidad_ah, kwh, peso_kg, largo_mm, ancho_mm, altura_mm, precio_neto_eur, precio_neto_usd, activo, categoria, tecnologia, proveedor_id) VALUES (10, '1', '36V', '18-85-13', 'SB350 gris', '36V 7 HPzB 525', '2315322191', '549.0', '19.764', '638.0', '967.0', '387.0', '575.0', NULL, '2304.00', true, 'traccion', NULL, '1');
INSERT INTO products (id, business_line_id, voltaje, referencia_usa, tipo_conector, modelo_hoppecke, codigo_sap, capacidad_ah, kwh, peso_kg, largo_mm, ancho_mm, altura_mm, precio_neto_eur, precio_neto_usd, activo, categoria, tecnologia, proveedor_id) VALUES (11, '1', '36V', '18-85-17', 'SB350 gris', '36V 6 HPzS 690 (A)', '2315322191', '720.0', '25.920', '776.0', '982.0', '528.0', '575.0', NULL, '14000.00', true, 'traccion', NULL, '1');
INSERT INTO products (id, business_line_id, voltaje, referencia_usa, tipo_conector, modelo_hoppecke, codigo_sap, capacidad_ah, kwh, peso_kg, largo_mm, ancho_mm, altura_mm, precio_neto_eur, precio_neto_usd, activo, categoria, tecnologia, proveedor_id) VALUES (12, '1', '36V', '18-85-17', 'SB350 gris', '36V 6 HPzS 690 (B)', '2315322191', '720.0', '25.920', '776.0', '750.0', '615.0', '587.0', NULL, '12000.00', true, 'traccion', NULL, '1');
INSERT INTO products (id, business_line_id, voltaje, referencia_usa, tipo_conector, modelo_hoppecke, codigo_sap, capacidad_ah, kwh, peso_kg, largo_mm, ancho_mm, altura_mm, precio_neto_eur, precio_neto_usd, activo, categoria, tecnologia, proveedor_id) VALUES (13, '1', '36V', '18-85-19', 'SB350 gris', '36V 7 HPzS 805 (A)', '2315472890', '841.0', '30.276', '885.0', '840.0', '612.0', '585.0', NULL, '14566.00', true, 'traccion', NULL, '1');
INSERT INTO products (id, business_line_id, voltaje, referencia_usa, tipo_conector, modelo_hoppecke, codigo_sap, capacidad_ah, kwh, peso_kg, largo_mm, ancho_mm, altura_mm, precio_neto_eur, precio_neto_usd, activo, categoria, tecnologia, proveedor_id) VALUES (14, '1', '36V', '18-85-19', 'SB350 gris', '36V 7 HPzS 805 (B)', '2315472890', '841.0', '30.276', '885.0', '985.0', '660.0', '585.0', NULL, '1456.00', true, 'traccion', NULL, '1');
INSERT INTO products (id, business_line_id, voltaje, referencia_usa, tipo_conector, modelo_hoppecke, codigo_sap, capacidad_ah, kwh, peso_kg, largo_mm, ancho_mm, altura_mm, precio_neto_eur, precio_neto_usd, activo, categoria, tecnologia, proveedor_id) VALUES (15, '1', '36V', '18-85-19', 'SB350 gris', '36V 7 HPzS 805 (C)', '2315472990', '841.0', '30.276', '890.0', '970.0', '590.0', '590.0', NULL, '6664.00', true, 'traccion', NULL, '1');
INSERT INTO products (id, business_line_id, voltaje, referencia_usa, tipo_conector, modelo_hoppecke, codigo_sap, capacidad_ah, kwh, peso_kg, largo_mm, ancho_mm, altura_mm, precio_neto_eur, precio_neto_usd, activo, categoria, tecnologia, proveedor_id) VALUES (16, '1', '36V', '18-85-21', 'SB350 gris', '36V 8 HPzS 840', '2015469090', '878.0', '31.608', '1061.0', '982.0', '635.0', '580.0', NULL, '2456.00', true, 'traccion', NULL, '1');
INSERT INTO products (id, business_line_id, voltaje, referencia_usa, tipo_conector, modelo_hoppecke, codigo_sap, capacidad_ah, kwh, peso_kg, largo_mm, ancho_mm, altura_mm, precio_neto_eur, precio_neto_usd, activo, categoria, tecnologia, proveedor_id) VALUES (17, '1', '36V', '18-85-23', 'SB350 gris', '36V 8 HPzS 920', '2315469090', '961.0', '34.596', '1034.0', '970.0', '620.0', '580.0', NULL, '12596.00', true, 'traccion', NULL, '1');
INSERT INTO products (id, business_line_id, voltaje, referencia_usa, tipo_conector, modelo_hoppecke, codigo_sap, capacidad_ah, kwh, peso_kg, largo_mm, ancho_mm, altura_mm, precio_neto_eur, precio_neto_usd, activo, categoria, tecnologia, proveedor_id) VALUES (18, '1', '36V', '18-85-25', 'SB350 gris', '36V 10 HPzS 1050 (A)', '2015382390', '1097.0', '39.492', '1323.0', '977.0', '810.0', '560.0', NULL, '12000.00', true, 'traccion', NULL, '1');
INSERT INTO products (id, business_line_id, voltaje, referencia_usa, tipo_conector, modelo_hoppecke, codigo_sap, capacidad_ah, kwh, peso_kg, largo_mm, ancho_mm, altura_mm, precio_neto_eur, precio_neto_usd, activo, categoria, tecnologia, proveedor_id) VALUES (19, '1', '36V', '18-85-25', 'SB350 gris', '36V 7 HPzB 525 II', '2315473190', '1098.0', '39.528', '1220.0', '970.0', '767.0', '570.0', NULL, '1235.00', true, 'traccion', NULL, '1');
INSERT INTO products (id, business_line_id, voltaje, referencia_usa, tipo_conector, modelo_hoppecke, codigo_sap, capacidad_ah, kwh, peso_kg, largo_mm, ancho_mm, altura_mm, precio_neto_eur, precio_neto_usd, activo, categoria, tecnologia, proveedor_id) VALUES (20, '1', '36V', '18-85-27', 'SB350 gris', '36V 10 HPzS 1050 (B)', '2015382390', '1097.0', '39.492', '1323.0', '977.0', '810.0', '560.0', NULL, '12000.00', true, 'traccion', NULL, '1');
INSERT INTO products (id, business_line_id, voltaje, referencia_usa, tipo_conector, modelo_hoppecke, codigo_sap, capacidad_ah, kwh, peso_kg, largo_mm, ancho_mm, altura_mm, precio_neto_eur, precio_neto_usd, activo, categoria, tecnologia, proveedor_id) VALUES (21, '1', '36V', '18-85-29', 'SB350 gris', '36V 10 HPzS 1050 (C)', '2015382390', '1097.0', '39.492', '1323.0', '977.0', '810.0', '560.0', NULL, '6000.00', true, 'traccion', NULL, '1');
INSERT INTO products (id, business_line_id, voltaje, referencia_usa, tipo_conector, modelo_hoppecke, codigo_sap, capacidad_ah, kwh, peso_kg, largo_mm, ancho_mm, altura_mm, precio_neto_eur, precio_neto_usd, activo, categoria, tecnologia, proveedor_id) VALUES (22, '1', '36V', '18-125-11', 'SB350 gris', '36V 4 HPzS 620', '2011917790', '645.0', '23.220', '775.0', '974.0', '343.0', '784.0', NULL, '4000.00', true, 'traccion', NULL, '1');
INSERT INTO products (id, business_line_id, voltaje, referencia_usa, tipo_conector, modelo_hoppecke, codigo_sap, capacidad_ah, kwh, peso_kg, largo_mm, ancho_mm, altura_mm, precio_neto_eur, precio_neto_usd, activo, categoria, tecnologia, proveedor_id) VALUES (23, '1', '36V', '18-125-13', 'SB350 gris', '36V 5 HPzS 775', '2015335090', '810.0', '29.160', '864.0', '960.0', '408.0', '775.0', NULL, '6000.00', true, 'traccion', NULL, '1');
INSERT INTO products (id, business_line_id, voltaje, referencia_usa, tipo_conector, modelo_hoppecke, codigo_sap, capacidad_ah, kwh, peso_kg, largo_mm, ancho_mm, altura_mm, precio_neto_eur, precio_neto_usd, activo, categoria, tecnologia, proveedor_id) VALUES (24, '1', '36V', '18-125-15', 'SB350 gris', '36V 8 HPzB 864', '2315383990', '903.0', '32.508', '1089.0', '970.0', '450.0', '775.0', NULL, '12356.00', true, 'traccion', NULL, '1');
INSERT INTO products (id, business_line_id, voltaje, referencia_usa, tipo_conector, modelo_hoppecke, codigo_sap, capacidad_ah, kwh, peso_kg, largo_mm, ancho_mm, altura_mm, precio_neto_eur, precio_neto_usd, activo, categoria, tecnologia, proveedor_id) VALUES (25, '1', '36V', '18-125-17', 'SB350 gris', '36V 6 HPzS 930', '2015313790', '972.0', '34.992', '1233.0', '970.0', '510.0', '775.0', NULL, '4000.00', true, 'traccion', NULL, '1');
INSERT INTO products (id, business_line_id, voltaje, referencia_usa, tipo_conector, modelo_hoppecke, codigo_sap, capacidad_ah, kwh, peso_kg, largo_mm, ancho_mm, altura_mm, precio_neto_eur, precio_neto_usd, activo, categoria, tecnologia, proveedor_id) VALUES (26, '1', '48V', '24-85-13', 'SB350 azul', '48V 7 HPzB 525', '2315322190', '549.0', '26.352', '913.0', '982.0', '528.0', '575.0', NULL, '1245.00', true, 'traccion', NULL, '1');
INSERT INTO products (id, business_line_id, voltaje, referencia_usa, tipo_conector, modelo_hoppecke, codigo_sap, capacidad_ah, kwh, peso_kg, largo_mm, ancho_mm, altura_mm, precio_neto_eur, precio_neto_usd, activo, categoria, tecnologia, proveedor_id) VALUES (27, '1', '48V', '24-85-15', 'SB350 azul', '48V 5 HPzS 575', NULL, '601.0', '28.848', '953.0', '840.0', '612.0', '585.0', NULL, '1256.00', true, 'traccion', NULL, '1');
INSERT INTO products (id, business_line_id, voltaje, referencia_usa, tipo_conector, modelo_hoppecke, codigo_sap, capacidad_ah, kwh, peso_kg, largo_mm, ancho_mm, altura_mm, precio_neto_eur, precio_neto_usd, activo, categoria, tecnologia, proveedor_id) VALUES (28, '1', '48V', '24-85-15', 'SB350 azul', '48V 6 HPzS 690', '2315329390', '720.0', '35.088', '955.0', '980.0', '620.0', '590.0', NULL, '21567.00', true, 'traccion', NULL, '1');
INSERT INTO products (id, business_line_id, voltaje, referencia_usa, tipo_conector, modelo_hoppecke, codigo_sap, capacidad_ah, kwh, peso_kg, largo_mm, ancho_mm, altura_mm, precio_neto_eur, precio_neto_usd, activo, categoria, tecnologia, proveedor_id) VALUES (29, '1', '48V', '24-85-17', 'SB350 azul', '48V 6 HPzS 690 II', '2315329390', '720.0', '35.088', '955.0', '980.0', '620.0', '590.0', NULL, '125567.00', true, 'traccion', NULL, '1');
INSERT INTO products (id, business_line_id, voltaje, referencia_usa, tipo_conector, modelo_hoppecke, codigo_sap, capacidad_ah, kwh, peso_kg, largo_mm, ancho_mm, altura_mm, precio_neto_eur, precio_neto_usd, activo, categoria, tecnologia, proveedor_id) VALUES (30, '1', '48V', '24-85-19', 'SB350 azul', '48V 7 HPzS 805', '2315472490', '841.0', '40.368', '1180.0', '983.0', '754.0', '580.0', NULL, '12566.00', true, 'traccion', NULL, '1');
INSERT INTO products (id, business_line_id, voltaje, referencia_usa, tipo_conector, modelo_hoppecke, codigo_sap, capacidad_ah, kwh, peso_kg, largo_mm, ancho_mm, altura_mm, precio_neto_eur, precio_neto_usd, activo, categoria, tecnologia, proveedor_id) VALUES (31, '1', '48V', '24-85-21', 'SB350 azul', '48V 8 HPzS 840', NULL, '878.0', '42.144', '1240.0', '977.0', '831.0', '560.0', NULL, '9884.00', true, 'traccion', NULL, '1');
INSERT INTO products (id, business_line_id, voltaje, referencia_usa, tipo_conector, modelo_hoppecke, codigo_sap, capacidad_ah, kwh, peso_kg, largo_mm, ancho_mm, altura_mm, precio_neto_eur, precio_neto_usd, activo, categoria, tecnologia, proveedor_id) VALUES (32, '1', '48V', '24-125-13', 'SB350 azul', '48V 5 HPzS 775', NULL, '810.0', '38.880', '1364.0', '1119.0', '530.0', '785.0', NULL, '12566.00', true, 'traccion', NULL, '1');
INSERT INTO products (id, business_line_id, voltaje, referencia_usa, tipo_conector, modelo_hoppecke, codigo_sap, capacidad_ah, kwh, peso_kg, largo_mm, ancho_mm, altura_mm, precio_neto_eur, precio_neto_usd, activo, categoria, tecnologia, proveedor_id) VALUES (33, '1', '48V', '24-125-15', 'SB350 azul', '48V 6 HPzS 930', NULL, '972.0', '46.656', '1320.0', '1023.0', '623.0', '775.0', NULL, '1244.00', true, 'traccion', NULL, '1');
INSERT INTO products (id, business_line_id, voltaje, referencia_usa, tipo_conector, modelo_hoppecke, codigo_sap, capacidad_ah, kwh, peso_kg, largo_mm, ancho_mm, altura_mm, precio_neto_eur, precio_neto_usd, activo, categoria, tecnologia, proveedor_id) VALUES (34, '1', '80V', '40-125-9', '', '80V 4 HPzS 620', 'T9329', '648.0', NULL, '1558.0', '1025.0', '708.0', '784.0', NULL, '2356.00', true, 'traccion', NULL, '1');
INSERT INTO products (id, business_line_id, voltaje, referencia_usa, tipo_conector, modelo_hoppecke, codigo_sap, capacidad_ah, kwh, peso_kg, largo_mm, ancho_mm, altura_mm, precio_neto_eur, precio_neto_usd, activo, categoria, tecnologia, proveedor_id) VALUES (35, '1', '80V', '40-125-11', '', '80V 5 HPzS 775', 'T9330', '810.0', NULL, '1863.0', '1025.0', '852.0', '784.0', NULL, '2366.00', true, 'traccion', NULL, '1');
INSERT INTO products (id, business_line_id, voltaje, referencia_usa, tipo_conector, modelo_hoppecke, codigo_sap, capacidad_ah, kwh, peso_kg, largo_mm, ancho_mm, altura_mm, precio_neto_eur, precio_neto_usd, activo, categoria, tecnologia, proveedor_id) VALUES (36, '1', '80V', '40-125-13', '', '80V 6 HPzS 930', 'T11183', '972.0', NULL, '2218.0', '1025.0', '996.0', '784.0', NULL, '32566.00', true, 'traccion', NULL, '1');
INSERT INTO products (id, business_line_id, voltaje, referencia_usa, tipo_conector, modelo_hoppecke, codigo_sap, capacidad_ah, kwh, peso_kg, largo_mm, ancho_mm, altura_mm, precio_neto_eur, precio_neto_usd, activo, categoria, tecnologia, proveedor_id) VALUES (37, '2', '2V', 'XG-2OPzV-100', NULL, 'Xgrid 2 OPzV 100', NULL, '100.0', '0.200', '14.0', '104.0', '210.0', '440.0', '260.00', '280.80', true, 'estacionaria', 'OPzV', '1');
INSERT INTO products (id, business_line_id, voltaje, referencia_usa, tipo_conector, modelo_hoppecke, codigo_sap, capacidad_ah, kwh, peso_kg, largo_mm, ancho_mm, altura_mm, precio_neto_eur, precio_neto_usd, activo, categoria, tecnologia, proveedor_id) VALUES (38, '2', '2V', 'XG-3OPzV-150', NULL, 'Xgrid 3 OPzV 150', NULL, '150.0', '0.300', '19.0', '104.0', '210.0', '440.0', '370.00', '399.60', true, 'estacionaria', 'OPzV', '1');
INSERT INTO products (id, business_line_id, voltaje, referencia_usa, tipo_conector, modelo_hoppecke, codigo_sap, capacidad_ah, kwh, peso_kg, largo_mm, ancho_mm, altura_mm, precio_neto_eur, precio_neto_usd, activo, categoria, tecnologia, proveedor_id) VALUES (39, '2', '2V', 'XG-4OPzV-200', NULL, 'Xgrid 4 OPzV 200', NULL, '200.0', '0.400', '25.0', '124.0', '210.0', '440.0', '490.00', '529.20', true, 'estacionaria', 'OPzV', '1');
INSERT INTO products (id, business_line_id, voltaje, referencia_usa, tipo_conector, modelo_hoppecke, codigo_sap, capacidad_ah, kwh, peso_kg, largo_mm, ancho_mm, altura_mm, precio_neto_eur, precio_neto_usd, activo, categoria, tecnologia, proveedor_id) VALUES (40, '2', '2V', 'XG-6OPzV-300', NULL, 'Xgrid 6 OPzV 300', NULL, '300.0', '0.600', '36.0', '145.0', '210.0', '440.0', '690.00', '745.20', true, 'estacionaria', 'OPzV', '1');
INSERT INTO products (id, business_line_id, voltaje, referencia_usa, tipo_conector, modelo_hoppecke, codigo_sap, capacidad_ah, kwh, peso_kg, largo_mm, ancho_mm, altura_mm, precio_neto_eur, precio_neto_usd, activo, categoria, tecnologia, proveedor_id) VALUES (41, '2', '2V', 'XG-8OPzV-400', NULL, 'Xgrid 8 OPzV 400', NULL, '400.0', '0.800', '47.0', '166.0', '210.0', '440.0', '890.00', '961.20', true, 'estacionaria', 'OPzV', '1');
INSERT INTO products (id, business_line_id, voltaje, referencia_usa, tipo_conector, modelo_hoppecke, codigo_sap, capacidad_ah, kwh, peso_kg, largo_mm, ancho_mm, altura_mm, precio_neto_eur, precio_neto_usd, activo, categoria, tecnologia, proveedor_id) VALUES (42, '2', '2V', 'XG-10OPzV-500', NULL, 'Xgrid 10 OPzV 500', NULL, '500.0', '1.000', '58.0', '187.0', '210.0', '440.0', '1090.00', '1177.20', true, 'estacionaria', 'OPzV', '1');
INSERT INTO products (id, business_line_id, voltaje, referencia_usa, tipo_conector, modelo_hoppecke, codigo_sap, capacidad_ah, kwh, peso_kg, largo_mm, ancho_mm, altura_mm, precio_neto_eur, precio_neto_usd, activo, categoria, tecnologia, proveedor_id) VALUES (43, '2', '2V', 'XG-12OPzV-600', NULL, 'Xgrid 12 OPzV 600', NULL, '600.0', '1.200', '69.0', '208.0', '210.0', '440.0', '1280.00', '1382.40', true, 'estacionaria', 'OPzV', '1');
INSERT INTO products (id, business_line_id, voltaje, referencia_usa, tipo_conector, modelo_hoppecke, codigo_sap, capacidad_ah, kwh, peso_kg, largo_mm, ancho_mm, altura_mm, precio_neto_eur, precio_neto_usd, activo, categoria, tecnologia, proveedor_id) VALUES (44, '2', '2V', 'XG-16OPzV-800', NULL, 'Xgrid 16 OPzV 800', NULL, '800.0', '1.600', '90.0', '208.0', '210.0', '628.0', '1660.00', '1792.80', true, 'estacionaria', 'OPzV', '1');
INSERT INTO products (id, business_line_id, voltaje, referencia_usa, tipo_conector, modelo_hoppecke, codigo_sap, capacidad_ah, kwh, peso_kg, largo_mm, ancho_mm, altura_mm, precio_neto_eur, precio_neto_usd, activo, categoria, tecnologia, proveedor_id) VALUES (45, '2', '2V', 'XG-20OPzV-1000', NULL, 'Xgrid 20 OPzV 1000', NULL, '1000.0', '2.000', '112.0', '208.0', '210.0', '780.0', '2040.00', '2203.20', true, 'estacionaria', 'OPzV', '1');
INSERT INTO products (id, business_line_id, voltaje, referencia_usa, tipo_conector, modelo_hoppecke, codigo_sap, capacidad_ah, kwh, peso_kg, largo_mm, ancho_mm, altura_mm, precio_neto_eur, precio_neto_usd, activo, categoria, tecnologia, proveedor_id) VALUES (46, '2', '2V', 'XG-24OPzV-1200', NULL, 'Xgrid 24 OPzV 1200', NULL, '1200.0', '2.400', '133.0', '208.0', '210.0', '930.0', '2390.00', '2581.20', true, 'estacionaria', 'OPzV', '1');
INSERT INTO products (id, business_line_id, voltaje, referencia_usa, tipo_conector, modelo_hoppecke, codigo_sap, capacidad_ah, kwh, peso_kg, largo_mm, ancho_mm, altura_mm, precio_neto_eur, precio_neto_usd, activo, categoria, tecnologia, proveedor_id) VALUES (47, '2', '2V', 'XG-30OPzV-1500', NULL, 'Xgrid 30 OPzV 1500', NULL, '1500.0', '3.000', '165.0', '208.0', '210.0', '1140.0', '2930.00', '3164.40', true, 'estacionaria', 'OPzV', '1');
INSERT INTO products (id, business_line_id, voltaje, referencia_usa, tipo_conector, modelo_hoppecke, codigo_sap, capacidad_ah, kwh, peso_kg, largo_mm, ancho_mm, altura_mm, precio_neto_eur, precio_neto_usd, activo, categoria, tecnologia, proveedor_id) VALUES (48, '2', '2V', 'XG-40OPzV-2000', NULL, 'Xgrid 40 OPzV 2000', NULL, '2000.0', '4.000', '218.0', '208.0', '272.0', '1140.0', '3800.00', '4104.00', true, 'estacionaria', 'OPzV', '1');
INSERT INTO products (id, business_line_id, voltaje, referencia_usa, tipo_conector, modelo_hoppecke, codigo_sap, capacidad_ah, kwh, peso_kg, largo_mm, ancho_mm, altura_mm, precio_neto_eur, precio_neto_usd, activo, categoria, tecnologia, proveedor_id) VALUES (49, '2', '2V', 'XG-60OPzV-3000', NULL, 'Xgrid 60 OPzV 3000', NULL, '3000.0', '6.000', '325.0', '208.0', '400.0', '1140.0', '5640.00', '6091.20', true, 'estacionaria', 'OPzV', '1');
INSERT INTO products (id, business_line_id, voltaje, referencia_usa, tipo_conector, modelo_hoppecke, codigo_sap, capacidad_ah, kwh, peso_kg, largo_mm, ancho_mm, altura_mm, precio_neto_eur, precio_neto_usd, activo, categoria, tecnologia, proveedor_id) VALUES (50, '2', '12V', 'XG-12V-100', NULL, 'Xgrid 12V 100', NULL, '100.0', '1.200', '30.0', '407.0', '176.0', '225.0', '580.00', '626.40', true, 'estacionaria', 'VRLA-AGM', '1');
INSERT INTO products (id, business_line_id, voltaje, referencia_usa, tipo_conector, modelo_hoppecke, codigo_sap, capacidad_ah, kwh, peso_kg, largo_mm, ancho_mm, altura_mm, precio_neto_eur, precio_neto_usd, activo, categoria, tecnologia, proveedor_id) VALUES (51, '2', '12V', 'XG-12V-150', NULL, 'Xgrid 12V 150', NULL, '150.0', '1.800', '44.0', '485.0', '172.0', '240.0', '840.00', '907.20', true, 'estacionaria', 'VRLA-AGM', '1');
INSERT INTO products (id, business_line_id, voltaje, referencia_usa, tipo_conector, modelo_hoppecke, codigo_sap, capacidad_ah, kwh, peso_kg, largo_mm, ancho_mm, altura_mm, precio_neto_eur, precio_neto_usd, activo, categoria, tecnologia, proveedor_id) VALUES (52, '2', '12V', 'XG-12V-200', NULL, 'Xgrid 12V 200', NULL, '200.0', '2.400', '59.0', '522.0', '238.0', '223.0', '1080.00', '1166.40', true, 'estacionaria', 'VRLA-AGM', '1');
INSERT INTO products (id, business_line_id, voltaje, referencia_usa, tipo_conector, modelo_hoppecke, codigo_sap, capacidad_ah, kwh, peso_kg, largo_mm, ancho_mm, altura_mm, precio_neto_eur, precio_neto_usd, activo, categoria, tecnologia, proveedor_id) VALUES (53, '3', NULL, 'MOV-CARG-48', NULL, 'Cargador Industrial 24V/48V', NULL, NULL, NULL, NULL, NULL, NULL, NULL, '300.00', '324.00', true, 'movilidad', NULL, '1');
INSERT INTO products (id, business_line_id, voltaje, referencia_usa, tipo_conector, modelo_hoppecke, codigo_sap, capacidad_ah, kwh, peso_kg, largo_mm, ancho_mm, altura_mm, precio_neto_eur, precio_neto_usd, activo, categoria, tecnologia, proveedor_id) VALUES (54, '3', NULL, 'MOV-VAR-ACS580', NULL, 'Variador de Frecuencia ABB ACS580', NULL, NULL, NULL, NULL, NULL, NULL, NULL, '1200.00', '1296.00', true, 'movilidad', NULL, '1');
INSERT INTO products (id, business_line_id, voltaje, referencia_usa, tipo_conector, modelo_hoppecke, codigo_sap, capacidad_ah, kwh, peso_kg, largo_mm, ancho_mm, altura_mm, precio_neto_eur, precio_neto_usd, activo, categoria, tecnologia, proveedor_id) VALUES (55, '3', NULL, 'MOV-MOT-DC48', NULL, 'Motor Eléctrico DC Tracción 48V', NULL, NULL, NULL, NULL, NULL, NULL, NULL, '850.00', '918.00', true, 'movilidad', NULL, '1');
INSERT INTO products (id, business_line_id, voltaje, referencia_usa, tipo_conector, modelo_hoppecke, codigo_sap, capacidad_ah, kwh, peso_kg, largo_mm, ancho_mm, altura_mm, precio_neto_eur, precio_neto_usd, activo, categoria, tecnologia, proveedor_id) VALUES (56, '4', NULL, 'GAS-O2-IND', NULL, 'Oxígeno Puro Industrial O2', NULL, NULL, NULL, NULL, NULL, NULL, NULL, '45.00', '48.60', true, 'gases', NULL, '1');
INSERT INTO products (id, business_line_id, voltaje, referencia_usa, tipo_conector, modelo_hoppecke, codigo_sap, capacidad_ah, kwh, peso_kg, largo_mm, ancho_mm, altura_mm, precio_neto_eur, precio_neto_usd, activo, categoria, tecnologia, proveedor_id) VALUES (57, '4', NULL, 'GAS-AR-PUR', NULL, 'Argón Puro Ar', NULL, NULL, NULL, NULL, NULL, NULL, NULL, '65.00', '70.20', true, 'gases', NULL, '1');
INSERT INTO products (id, business_line_id, voltaje, referencia_usa, tipo_conector, modelo_hoppecke, codigo_sap, capacidad_ah, kwh, peso_kg, largo_mm, ancho_mm, altura_mm, precio_neto_eur, precio_neto_usd, activo, categoria, tecnologia, proveedor_id) VALUES (58, '4', NULL, 'GAS-H2-VRD', NULL, 'Hidrógeno Verde H2', NULL, NULL, NULL, NULL, NULL, NULL, NULL, '120.00', '129.60', true, 'gases', NULL, '1');
INSERT INTO products (id, business_line_id, voltaje, referencia_usa, tipo_conector, modelo_hoppecke, codigo_sap, capacidad_ah, kwh, peso_kg, largo_mm, ancho_mm, altura_mm, precio_neto_eur, precio_neto_usd, activo, categoria, tecnologia, proveedor_id) VALUES (59, '5', NULL, 'FRT-NITROMAG', NULL, 'NitroMag', NULL, NULL, NULL, NULL, NULL, NULL, NULL, '38.00', '41.04', true, 'fertilizantes', NULL, '1');
INSERT INTO products (id, business_line_id, voltaje, referencia_usa, tipo_conector, modelo_hoppecke, codigo_sap, capacidad_ah, kwh, peso_kg, largo_mm, ancho_mm, altura_mm, precio_neto_eur, precio_neto_usd, activo, categoria, tecnologia, proveedor_id) VALUES (60, '5', NULL, 'FRT-CALIMAG', NULL, 'Nitrato Cálcico + Magnesio', NULL, NULL, NULL, NULL, NULL, NULL, NULL, '42.00', '45.36', true, 'fertilizantes', NULL, '1');
INSERT INTO products (id, business_line_id, voltaje, referencia_usa, tipo_conector, modelo_hoppecke, codigo_sap, capacidad_ah, kwh, peso_kg, largo_mm, ancho_mm, altura_mm, precio_neto_eur, precio_neto_usd, activo, categoria, tecnologia, proveedor_id) VALUES (61, '6', NULL, 'H2-FC-PEM5K', NULL, 'Celda de Combustible PEM 5kW', NULL, NULL, NULL, NULL, NULL, NULL, NULL, '8500.00', '9180.00', true, 'hidrogeno', NULL, '1');
INSERT INTO products (id, business_line_id, voltaje, referencia_usa, tipo_conector, modelo_hoppecke, codigo_sap, capacidad_ah, kwh, peso_kg, largo_mm, ancho_mm, altura_mm, precio_neto_eur, precio_neto_usd, activo, categoria, tecnologia, proveedor_id) VALUES (62, '6', NULL, 'H2-ELZ-PEM1', NULL, 'Electrolizador PEM 1 Nm³/h', NULL, NULL, NULL, NULL, NULL, NULL, NULL, '12000.00', '12960.00', true, 'hidrogeno', NULL, '1');
INSERT INTO products (id, business_line_id, voltaje, referencia_usa, tipo_conector, modelo_hoppecke, codigo_sap, capacidad_ah, kwh, peso_kg, largo_mm, ancho_mm, altura_mm, precio_neto_eur, precio_neto_usd, activo, categoria, tecnologia, proveedor_id) VALUES (63, '2', 'Saf', 'wef', 'f', '32rr', 'f', '32.0', '32.000', '32.0', '32.0', '23.0', '323.0', '32.00', '32.00', false, 'estacionaria', 'f', '2');

-- Resetear secuencias
SELECT setval('business_lines_id_seq', (SELECT MAX(id) FROM business_lines));
SELECT setval('proveedores_id_seq',    (SELECT MAX(id) FROM proveedores));
SELECT setval('products_id_seq',       (SELECT MAX(id) FROM products));

COMMIT;
